{
  "vars": {
    "id": "yP4wD",
    "moves": 10,
    "rows": 1,
    "cols": 3,
    "stdDev": 0.04,
    "decay": 0.9,
    "recurrance": 0.11,
    "numberOfRounds": 6,
    "comparisonFrequency": 2,
    "chanceToWin": [
      [
        [
          0.5,
          0.5,
          0.5
        ]
      ],
      [
        [
          0.5117749927233447,
          0.47566521116018856,
          0.4276874533119555
        ]
      ],
      [
        [
          0.49173323228224963,
          0.3825795640098867,
          0.29757328357902685
        ]
      ],
      [
        [
          0.44290425650828324,
          0.4246266937475691,
          0.23500833680879635
        ]
      ],
      [
        [
          0.362858137777082,
          0.3958742782681196,
          0.7578714749914146
        ]
      ],
      [
        [
          0.2825870810172811,
          0.364287165007626,
          0.6902938373692202
        ]
      ],
      [
        [
          0.26917571495012993,
          0.3335481629714881,
          0.540924311372118
        ]
      ],
      [
        [
          0.2553997558443002,
          0.28059316286887825,
          0.4823647584579242
        ]
      ],
      [
        [
          0.6479511822953881,
          0.6837314735250243,
          0.47478177322730586
        ]
      ],
      [
        [
          0.5663083159838082,
          0.6615549738968248,
          0.3989176565956879
        ]
      ],
      [
        [
          0.531783650277844,
          0.5949753306825258,
          0.3593921533325295
        ]
      ],
      [
        [
          0.4562087933650225,
          0.5844246426256394,
          0.36912992427502095
        ]
      ],
      [
        [
          0.3960623329408246,
          0.5440538935311509,
          0.7585087093502751
        ]
      ],
      [
        [
          0.3536337266740008,
          0.48776223067493424,
          0.7196153519027535
        ]
      ],
      [
        [
          0.38605544522296015,
          0.46115194603314774,
          0.629627714117902
        ]
      ],
      [
        [
          0.3757737705103997,
          0.4582747325458749,
          0.5735773383522443
        ]
      ],
      [
        [
          0.3031005396985236,
          0.40884075156295413,
          0.48054699240132437
        ]
      ],
      [
        [
          0.27420350934423154,
          0.3424199833593692,
          0.4587886493527493
        ]
      ],
      [
        [
          0.27590742762812726,
          0.3478384590711707,
          0.40117725263708287
        ]
      ],
      [
        [
          0.23359336331706604,
          0.3207401963638125,
          0.32269752452281036
        ]
      ],
      [
        [
          0.2844545739757586,
          0.2476179615912331,
          0.19150586400304362
        ]
      ],
      [
        [
          0.27572108041447874,
          0.26392667418682647,
          0.13382407454479497
        ]
      ],
      [
        [
          0.24041388044451714,
          0.28142659812328524,
          0.6339333052259566
        ]
      ],
      [
        [
          0.22179511953136938,
          0.8192984517525562,
          0.5448764603470867
        ]
      ],
      [
        [
          0.24465772381410433,
          0.7351589599707232,
          0.4541088449530731
        ]
      ],
      [
        [
          0.20331877369640391,
          0.6517089120642028,
          0.4381375013611188
        ]
      ],
      [
        [
          0.19201506789748163,
          0.5740330575302165,
          0.35374101363679644
        ]
      ],
      [
        [
          0.21246515363040386,
          0.44948470627665615,
          0.3563513442473709
        ]
      ],
      [
        [
          0.2670607892657829,
          0.3690090637782718,
          0.8082079788327988
        ]
      ],
      [
        [
          0.20491929913301313,
          0.35896882960199716,
          0.7209202802127992
        ]
      ],
      [
        [
          0.18371282176888373,
          0.4227033057232776,
          0.6506660169143521
        ]
      ],
      [
        [
          0.6748321518851351,
          0.43945891712202245,
          0.7442863075864574
        ]
      ],
      [
        [
          0.5533824118158223,
          0.39733711104266967,
          0.7533392473339957
        ]
      ],
      [
        [
          0.4935331420264164,
          0.33353411562291163,
          0.731809649568767
        ]
      ],
      [
        [
          0.5378104082720356,
          0.31762867476421464,
          0.6526238289208907
        ]
      ],
      [
        [
          0.676204330985308,
          0.29036615779347064,
          0.5964113075844197
        ]
      ],
      [
        [
          0.6639004199888959,
          0.26883118171803777,
          0.6902695830712833
        ]
      ],
      [
        [
          0.6189274019791952,
          0.18525068366210934,
          0.7067415740414981
        ]
      ],
      [
        [
          0.5762083441781918,
          0.15847471850218883,
          0.7195484263560804
        ]
      ],
      [
        [
          0.5950603889774961,
          0.10398211458560658,
          0.7030136064620308
        ]
      ],
      [
        [
          0.5910128192677848,
          0.09636421727397859,
          0.6825982678663834
        ]
      ],
      [
        [
          0.5300455909290452,
          0.10323567472496793,
          0.6398705948421339
        ]
      ],
      [
        [
          0.4964785577829745,
          0.047442350637877564,
          0.5612608080320565
        ]
      ],
      [
        [
          0.4793362638628785,
          0.023918672226656883,
          0.4984544768251207
        ]
      ],
      [
        [
          0.4282940272552164,
          0.0888621567261333,
          0.4177700671820081
        ]
      ],
      [
        [
          0.5126689646779113,
          0.06571757288574755,
          0.4108738303460403
        ]
      ],
      [
        [
          0.45955734718746505,
          0.01,
          0.6211863007413798
        ]
      ],
      [
        [
          0.3585540179608954,
          0.5940333537298446,
          0.5883432404022172
        ]
      ],
      [
        [
          0.37675063985968077,
          0.5252194403963252,
          0.5582295672634983
        ]
      ],
      [
        [
          0.32807761061135177,
          0.4474111648758421,
          0.5620764856789688
        ]
      ],
      [
        [
          0.3695679265165174,
          0.4535094195309405,
          0.7756611845790904
        ]
      ],
      [
        [
          0.3200942422022772,
          0.4317633956250458,
          0.6961212451379959
        ]
      ],
      [
        [
          0.23478916670119693,
          0.386874494581651,
          0.6184123303402483
        ]
      ],
      [
        [
          0.20408598177547363,
          0.2867592383171714,
          0.5583865368783731
        ]
      ],
      [
        [
          0.6119872973818922,
          0.7137274979562853,
          0.5198827156039383
        ]
      ],
      [
        [
          0.5798256794183715,
          0.6279088929017288,
          0.5208213166597356
        ]
      ],
      [
        [
          0.4760783058768689,
          0.5904175085006538,
          0.5399332253774185
        ]
      ],
      [
        [
          0.46791857754700505,
          0.5689702865521533,
          0.48397373662769866
        ]
      ],
      [
        [
          0.6542208960236636,
          0.5341858452772484,
          0.3681195805777177
        ]
      ],
      [
        [
          0.5996285906952017,
          0.5108143695332296,
          0.320478413571916
        ]
      ]
    ]
  }
}