{
  "vars": {
    "id": 1,
    "moves": 30,
    "rows": 1,
    "cols": 2,
    "stdDev": 0,
    "decayGamma": 0.93,
    "hazardLambda": 0.08,
    "recurranceMax": 0.9,
    "recurranceMin": 0.9,
    "stochastic": true,
    "stochasticValues": [
      [
        true,
        true,
        true,
        true
      ]
    ],
    "binary": false,
    "rewardsChangeAcrossRounds": false,
    "numberOfRounds": 5,
    "includeComparison": true,
    "comparisonRounds": [
      0
    ],
    "comparisonFrequency": 2,
    "comparisonOnNewPage": false,
    "probUpwardComparison": 0.7,
    "comparerUsesAvailableCards": true,
    "optimalValueComparison": false,
    "comparisonMean": 50,
    "comparisonStdDev": 5,
    "greenSquareScore": 10,
    "chanceToWin": [
      [
        [
          0.228,
          0.672,
          0.379,
          0.683
        ]
      ],
      [
        [
          0.201096,
          0.592704,
          0.334278,
          0.602406
        ]
      ],
      [
        [
          0.177366672,
          0.6038169163636903,
          0.294833196,
          0.531322092
        ]
      ],
      [
        [
          0.156437404704,
          0.5325665202327748,
          0.260042878872,
          0.468626085144
        ]
      ],
      [
        [
          0.137977790948928,
          0.4697236708453074,
          0.229357819165104,
          0.413328207097008
        ]
      ],
      [
        [
          0.1216964116169545,
          0.41429627768556115,
          0.6085156851564124,
          0.36455547865956106
        ]
      ],
      [
        [
          0.10733623504615387,
          0.36540931691866496,
          0.5367108343079557,
          0.32153793217773285
        ]
      ],
      [
        [
          0.09467055931070772,
          0.3222910175222625,
          0.473378955859617,
          0.2835964561807604
        ]
      ],
      [
        [
          0.08349943331204421,
          0.28426067745463557,
          0.4175202390681822,
          0.2501320743514307
        ]
      ],
      [
        [
          0.073646500181223,
          0.25071791751498856,
          0.3682528508581367,
          0.22061648957796187
        ]
      ],
      [
        [
          0.06495621315983868,
          0.22113320324821992,
          0.3247990144568766,
          0.19458374380776236
        ]
      ],
      [
        [
          0.6141602318094224,
          0.19503948526492998,
          0.28647273075096513,
          0.1716228620384464
        ]
      ],
      [
        [
          0.5416893244559106,
          0.17202482600366825,
          0.2526689485223512,
          0.7260232521914994
        ]
      ],
      [
        [
          0.4777699841701131,
          0.1517258965352354,
          0.22285401259671378,
          0.6403525084329025
        ]
      ],
      [
        [
          0.4213931260380398,
          0.7417330425791311,
          0.6319557848665885,
          0.56479091243782
        ]
      ],
      [
        [
          0.3716687371655511,
          0.6956973836452114,
          0.5573850022523311,
          0.49814558477015725
        ]
      ],
      [
        [
          0.3278118261800161,
          0.6713945686405443,
          0.49161357198655603,
          0.4393644057672787
        ]
      ],
      [
        [
          0.2891300306907742,
          0.59217000954096,
          0.4336031704921424,
          0.38751940588673983
        ]
      ],
      [
        [
          0.25501268706926283,
          0.5222939484151268,
          0.3824379963740696,
          0.3417921159921045
        ]
      ],
      [
        [
          0.2249211899950898,
          0.4606632625021418,
          0.3373103128019294,
          0.30146064630503616
        ]
      ],
      [
        [
          0.1983804895756692,
          0.6343128195710861,
          0.29750769589130177,
          0.2658882900410419
        ]
      ],
      [
        [
          0.17497159180574023,
          0.5594639068616979,
          0.26240178777612816,
          0.23451347181619897
        ]
      ],
      [
        [
          0.1543249439726629,
          0.49344716585201753,
          0.23143837681854504,
          0.6442067215912194
        ]
      ],
      [
        [
          0.13611460058388866,
          0.43522040028147946,
          0.20412864835395672,
          0.5681903284434555
        ]
      ],
      [
        [
          0.1200530777149898,
          0.38386439304826486,
          0.18004146784818983,
          0.5011438696871278
        ]
      ],
      [
        [
          0.105886814544621,
          0.7124060806864859,
          0.15879657464210342,
          0.44200889306404667
        ]
      ],
      [
        [
          0.09339217042835572,
          0.6283421631654806,
          0.14005857883433523,
          0.38985184368248915
        ]
      ],
      [
        [
          0.08237189431780975,
          0.554197787911954,
          0.12353166653188367,
          0.6888941797814475
        ]
      ]
    ]
  }
}