{
  "vars": {
    "id": 1,
    "moves": 8,
    "rows": 1,
    "cols": 3,
    "stdDev": 0.006,
    "decay": 0.8,
    "recurrance": 0.42,
    "stochastic": true,
    "stochasticValues": [
      [
        true,
        true,
        true
      ]
    ],
    "binary": false,
    "rewardsChangeAcrossRounds": true,
    "numberOfRounds": 4,
    "includeComparison": true,
    "comparisonRounds": [
      1,
      2,
      3
    ],
    "comparisonFrequency": 2,
    "comparisonOnNewPage": false,
    "probUpwardComparison": 0.7,
    "comparerUsesAvailableCards": true,
    "optimalValueComparison": false,
    "comparisonMean": 50,
    "comparisonStdDev": 5,
    "greenSquareScore": 10,
    "chanceToWin": [
      [
        [
          0.5,
          0.5,
          0.5
        ]
      ],
      [
        [
          0.7159849149062547,
          0.4057259266486654,
          0.7624552910376794
        ]
      ],
      [
        [
          0.561676419598557,
          0.7857485402311402,
          0.6158799333801429
        ]
      ],
      [
        [
          0.45858409917939014,
          0.7826492890381872,
          0.4967023044739897
        ]
      ],
      [
        [
          0.35758131607665977,
          0.6259750241491671,
          0.6614174989297454
        ]
      ],
      [
        [
          0.28349733474059585,
          0.7801424358459423,
          0.7648754770181018
        ]
      ],
      [
        [
          0.23172306580669857,
          0.6286002866578163,
          0.7804205810966969
        ]
      ],
      [
        [
          0.7937506541398325,
          0.7547467688041732,
          0.6049147944850929
        ]
      ],
      [
        [
          0.6226005796011131,
          0.6034284737468145,
          0.4847882590895364
        ]
      ],
      [
        [
          0.49818159234964265,
          0.4918123596257394,
          0.39338964298719015
        ]
      ],
      [
        [
          0.7152939492298845,
          0.7504141257845065,
          0.6167451228367279
        ]
      ],
      [
        [
          0.6304981200118739,
          0.791868744592235,
          0.5004529715818262
        ]
      ],
      [
        [
          0.7701724046185006,
          0.6128822932217239,
          0.40395851531033206
        ]
      ],
      [
        [
          0.6104935608368749,
          0.4928205291449857,
          0.3338093751932635
        ]
      ],
      [
        [
          0.7806842157815522,
          0.3859429421626222,
          0.2638712967668017
        ]
      ],
      [
        [
          0.7503752226733346,
          0.7633589036600336,
          0.20837014549008256
        ]
      ],
      [
        [
          0.7891454267374969,
          0.685915485723026,
          0.6352278227448428
        ]
      ],
      [
        [
          0.7419735071889821,
          0.5576982763512057,
          0.7897617615857119
        ]
      ],
      [
        [
          0.5948467174164479,
          0.44880874129892057,
          0.7038898931428079
        ]
      ],
      [
        [
          0.6712157831751561,
          0.6776477953659442,
          0.5575663296216529
        ]
      ],
      [
        [
          0.7732762560118343,
          0.5413103966390661,
          0.6919108605748591
        ]
      ],
      [
        [
          0.6534078137890075,
          0.4300844895792948,
          0.6052172185735047
        ]
      ],
      [
        [
          0.6747914948568708,
          0.34851029954999957,
          0.4816365217991934
        ]
      ],
      [
        [
          0.5541709026427751,
          0.2705553266485062,
          0.7437244845286591
        ]
      ],
      [
        [
          0.4475821528193703,
          0.21929513290920824,
          0.5989513591286475
        ]
      ],
      [
        [
          0.3576100855966951,
          0.6464313533487731,
          0.479285465347238
        ]
      ],
      [
        [
          0.7774117474283625,
          0.5338552700285447,
          0.3941211038980607
        ]
      ],
      [
        [
          0.6165840782732662,
          0.42631736394847597,
          0.3248378155025919
        ]
      ],
      [
        [
          0.7733200065705907,
          0.7443384998793573,
          0.684938152690269
        ]
      ],
      [
        [
          0.6215469944541717,
          0.7899982087022972,
          0.747074602172506
        ]
      ],
      [
        [
          0.4991528822244498,
          0.6334914903579635,
          0.6022316430158269
        ]
      ],
      [
        [
          0.39276824059310217,
          0.5009892060647306,
          0.4925129232887528
        ]
      ]
    ]
  }
}