{
  "vars": {
    "id": "LrA9u",
    "moves": 7,
    "rows": 1,
    "cols": 3,
    "stdDev": 0.04,
    "decay": 0.9,
    "recurrance": 0.11,
    "numberOfRounds": 12,
    "comparisonFrequency": 2,
    "chanceToWin": [
      [
        [
          0.5,
          0.5,
          0.5
        ]
      ],
      [
        [
          0.7007127115521814,
          0.414632088313806,
          0.7752319799717837
        ]
      ],
      [
        [
          0.6553071420873248,
          0.39022888892988555,
          0.7518975856016229
        ]
      ],
      [
        [
          0.5904789728910925,
          0.3979421901708636,
          0.5783389697800361
        ]
      ],
      [
        [
          0.5182446253573496,
          0.3538444041246574,
          0.5019884541933499
        ]
      ],
      [
        [
          0.42200013567224304,
          0.6624100992113473,
          0.42464605231925273
        ]
      ],
      [
        [
          0.3093478841409539,
          0.5971995586006563,
          0.43202720980769344
        ]
      ],
      [
        [
          0.7089788765092386,
          0.5292417089762989,
          0.42941473104625716
        ]
      ],
      [
        [
          0.685554068436967,
          0.428694506059933,
          0.3871846357494266
        ]
      ],
      [
        [
          0.6222283511105612,
          0.404123617723016,
          0.30596462098153077
        ]
      ],
      [
        [
          0.56334746161078,
          0.28874496703660907,
          0.29060425261441963
        ]
      ],
      [
        [
          0.5661566190185043,
          0.2516363672755649,
          0.2666514220441988
        ]
      ],
      [
        [
          0.46092762353168776,
          0.2177708762343707,
          0.19931693196693998
        ]
      ],
      [
        [
          0.39369544475759005,
          0.14521362473986904,
          0.1291416487094663
        ]
      ],
      [
        [
          0.38444191551679613,
          0.16001933795423492,
          0.15379947321610088
        ]
      ],
      [
        [
          0.6276002157650421,
          0.10932726715751534,
          0.13148536865020272
        ]
      ],
      [
        [
          0.5194581910438172,
          0.7017475701794904,
          0.09784756512970111
        ]
      ],
      [
        [
          0.5165492094591507,
          0.6487043249858162,
          0.7369163559442915
        ]
      ],
      [
        [
          0.48686944345823663,
          0.5505538534304824,
          0.6030590991674198
        ]
      ],
      [
        [
          0.4687616475271375,
          0.5084847463160295,
          0.5254305586274163
        ]
      ],
      [
        [
          0.4842379412775091,
          0.6496164573519926,
          0.5699315412092775
        ]
      ],
      [
        [
          0.4825086173736022,
          0.6335499137213139,
          0.536906008624586
        ]
      ],
      [
        [
          0.39010141975586843,
          0.5883871658642897,
          0.6675032201172781
        ]
      ],
      [
        [
          0.6885762680133536,
          0.5925919525344094,
          0.6357094443050535
        ]
      ],
      [
        [
          0.6210515302496633,
          0.7322882081889316,
          0.5285859469738201
        ]
      ],
      [
        [
          0.5850456395672313,
          0.650602324615561,
          0.5174365074168423
        ]
      ],
      [
        [
          0.5564916704143562,
          0.5454821574251244,
          0.4514150944824284
        ]
      ],
      [
        [
          0.5921157668338564,
          0.5327026155820913,
          0.7202269705646909
        ]
      ],
      [
        [
          0.4821029496702263,
          0.5230786166615905,
          0.6465631633537754
        ]
      ],
      [
        [
          0.4298760589530294,
          0.5342797776461266,
          0.6987836239589571
        ]
      ],
      [
        [
          0.41847522115919694,
          0.7028074203101692,
          0.6276611184351084
        ]
      ],
      [
        [
          0.37055822223833906,
          0.6351199826698235,
          0.55662124032468
        ]
      ],
      [
        [
          0.3825737826250171,
          0.5664127125995762,
          0.526331221703837
        ]
      ],
      [
        [
          0.7306029637348981,
          0.507613314293927,
          0.4576176493799814
        ]
      ],
      [
        [
          0.6643146060739239,
          0.5080215791020307,
          0.42427286692151556
        ]
      ],
      [
        [
          0.5988537294487755,
          0.6088499854335928,
          0.360918920554648
        ]
      ],
      [
        [
          0.5504776659086306,
          0.6557334695678088,
          0.7222719815224421
        ]
      ],
      [
        [
          0.43772064341861383,
          0.7188418609253335,
          0.6301593378746938
        ]
      ],
      [
        [
          0.4152191768709192,
          0.6404674569992875,
          0.6147083595802285
        ]
      ],
      [
        [
          0.41920972877466284,
          0.5804071106640659,
          0.5723897962716296
        ]
      ],
      [
        [
          0.3670992402287806,
          0.49809417832596886,
          0.5005498672761125
        ]
      ],
      [
        [
          0.3356045825568299,
          0.35637813796192097,
          0.41434487207192816
        ]
      ],
      [
        [
          0.3365538998486203,
          0.31440640082787974,
          0.3375417659243902
        ]
      ],
      [
        [
          0.23888138903058026,
          0.6017008260438448,
          0.3150836076246723
        ]
      ],
      [
        [
          0.2373278286029164,
          0.527449136245676,
          0.2719309658444261
        ]
      ],
      [
        [
          0.2642906778264901,
          0.5129393428090316,
          0.26648078295257493
        ]
      ],
      [
        [
          0.2060184472164187,
          0.44265552518532847,
          0.19305811792773017
        ]
      ],
      [
        [
          0.2063177183315924,
          0.42127898924721496,
          0.19642028806750106
        ]
      ],
      [
        [
          0.19287776497811357,
          0.42502611896643794,
          0.23438708226311233
        ]
      ],
      [
        [
          0.26847396231709403,
          0.3708754434684005,
          0.22784435138184844
        ]
      ],
      [
        [
          0.1396735111606336,
          0.2949791789894635,
          0.27782390763891235
        ]
      ],
      [
        [
          0.09027093090934218,
          0.2601433491229044,
          0.22603535468612504
        ]
      ],
      [
        [
          0.07895295821666337,
          0.21052316136318489,
          0.8034461897311591
        ]
      ],
      [
        [
          0.06862890896799648,
          0.1637178854420056,
          0.7580286238224285
        ]
      ],
      [
        [
          0.04883908472260534,
          0.20506256876972564,
          0.6841900276001044
        ]
      ],
      [
        [
          0.6741401892092025,
          0.12400970195340304,
          0.5374039598404804
        ]
      ],
      [
        [
          0.6661179462124428,
          0.828382693550477,
          0.4664306222315987
        ]
      ],
      [
        [
          0.5925959335751044,
          0.7266993374735465,
          0.4585952054687749
        ]
      ],
      [
        [
          0.5490084338039232,
          0.6328542792728064,
          0.34828857693289594
        ]
      ],
      [
        [
          0.5570978348165307,
          0.5832525495005745,
          0.3922782099626425
        ]
      ],
      [
        [
          0.5028538291413518,
          0.4770718469507917,
          0.38476123461636874
        ]
      ],
      [
        [
          0.6227855799462373,
          0.4050073997857101,
