{
  "vars": {
    "moves": 13,
    "rows": 2,
    "cols": 3,
    "decay": 0.933,
    "decayCenter": 0.376,
    "noiseStdDev": 0.37,
    "stochastic": true,
    "stochasticValues": [
      [
        true,
        false,
        true
      ],
      [
        true,
        true,
        true
      ]
    ],
    "purpleValues": [
      [
        0,
        0,
        0
      ],
      [
        0,
        0.654,
        0
      ]
    ],
    "binary": false,
    "meanValues": [
      [
        0.256,
        0.566,
        0.279
      ],
      [
        0.209,
        0.5,
        0.897
      ]
    ],
    "chanceToWin": [
      [
        [
          0.256,
          0.566,
          0.279
        ],
        [
          0.209,
          0.5,
          0.897
        ]
      ],
      [
        [
          0.26864972424732236,
          0.566,
          0.2363365346012976
        ],
        [
          0.21232291234464654,
          0.5410168492699756,
          0.8720284370054169
        ]
      ],
      [
        [
          0.2567464044106078,
          0.566,
          0.29631577021877264
        ],
        [
          0.21262530117030087,
          0.5307713650215361,
          0.8527865381253753
        ]
      ],
      [
        [
          0.30199189503362167,
          0.566,
          0.3026534046479632
        ],
        [
          0.24945361870002605,
          0.5408188237300634,
          0.7800075742376518
        ]
      ],
      [
        [
          0.2705041651893721,
          0.566,
          0.32632546054854417
        ],
        [
          0.30133077900487515,
          0.5827171743586477,
          0.8020571663546124
        ]
      ],
      [
        [
          0.2699865323764559,
          0.566,
          0.28703308312794973
        ],
        [
          0.340426749732134,
          0.47948677378247434,
          0.791095331822732
        ]
      ],
      [
        [
          0.2934091700633146,
          0.566,
          0.3280599658336048
        ],
        [
          0.3767985627824687,
          0.525498151758008,
          0.8184830222828047
        ]
      ],
      [
        [
          0.30525559312150846,
          0.566,
          0.37567435680029126
        ],
        [
          0.3932157258566876,
          0.5759513277575492,
          0.8144787375659421
        ]
      ],
      [
        [
          0.2906596175146716,
          0.566,
          0.3172361848068542
        ],
        [
          0.403965825760532,
          0.5830661846786485,
          0.7819173174696277
        ]
      ],
      [
        [
          0.2968159204771332,
          0.566,
          0.3039008957652591
        ],
        [
          0.3612517131490771,
          0.4928215402402378,
          0.7543825507064272
        ]
      ],
      [
        [
          0.24390178462947937,
          0.566,
          0.2991934699394581
        ],
        [
          0.3287887379911315,
          0.47424100055493884,
          0.7070511181326171
        ]
      ],
      [
        [
          0.21977840662600961,
          0.566,
          0.28196642414303946
        ],
        [
          0.32629932003238893,
          0.42307091577257744,
          0.6558887168251877
        ]
      ],
      [
        [
          0.20820140053043232,
          0.566,
          0.21986884399233553
        ],
        [
          0.29268389683266827,
          0.3845070515591411,
          0.6475948569502534
        ]
      ]
    ],
    "chanceToWinPurple": [
      [
        [
          0,
          0,
          0
        ],
        [
          0,
          0.654,
          0
        ]
      ],
      [
        [
          0,
          0,
          0
        ],
        [
          0,
          0.654,
          0
        ]
      ],
      [
        [
          0,
          0,
          0
        ],
        [
          0,
          0.654,
          0
        ]
      ],
      [
        [
          0,
          0,
          0
        ],
        [
          0,
          0.654,
          0
        ]
      ],
      [
        [
          0,
          0,
          0
        ],
        [
          0,
          0.654,
          0
        ]
      ],
      [
        [
          0,
          0,
          0
        ],
        [
          0,
          0.654,
          0
        ]
      ],
      [
        [
          0,
          0,
          0
        ],
        [
          0,
          0.654,
          0
        ]
      ],
      [
        [
          0,
          0,
          0
        ],
        [
          0,
          0.654,
          0
        ]
      ],
      [
        [
          0,
          0,
          0
        ],
        [
          0,
          0.654,
          0
        ]
      ],
      [
        [
          0,
          0,
          0
        ],
        [
          0,
          0.654,
          0
        ]
      ],
      [
        [
          0,
          0,
          0
        ],
        [
          0,
          0.654,
          0
        ]
      ],
      [
        [
          0,
          0,
          0
        ],
        [
          0,
          0.654,
          0
        ]
      ],
      [
        [
          0,
          0,
          0
        ],
        [
          0,
          0.654,
          0
        ]
      ]
    ],
    "numberOfRounds": 4,
    "includeComparison": true,
    "comparisonFrequencyRounds": 1,
    "comparisonFrequency": 2,
    "comparisonOnNewPage": true,
    "probUpwardComparison": 0.71,
    "comparisonMean": 52.1,
    "comparisonStdDev": 6.6,
    "greenSquareScore": 10,
    "purpleSquareScore": 200
  }
}