{
  "vars": {
    "moves": 2,
    "rows": 1,
    "cols": 4,
    "decay": 0.8,
    "decayCenter": 0,
    "noiseStdDev": 0.1,
    "stochastic": true,
    "stochasticValues": [
      [
        true,
        true,
        true,
        false
      ]
    ],
    "purpleValues": [
      [
        0.883,
        0,
        0,
        0
      ]
    ],
    "binary": false,
    "meanValues": [
      [
        0.389,
        0.5,
        0.756,
        0.231
      ]
    ],
    "chanceToWin": [
      [
        [
          0.389,
          0.5,
          0.756,
          0.231
        ]
      ],
      [
        [
          0.2082382361600963,
          0.34407019361424473,
          0.3957178946945322,
          0.231
        ]
      ],
      [
        [
          0,
          0.27518393949225695,
          0.31685534194626497,
          0.231
        ]
      ],
      [
        [
          0.04453242512930922,
          0.07227722366061212,
          0.10155158319243479,
          0.231
        ]
      ],
      [
        [
          0.117310990581214,
          0.06577025070439815,
          0.04656430193974551,
          0.231
        ]
      ],
      [
        [
          0.11160253295100944,
          0.12685987558851713,
          0.037582860399288195,
          0.231
        ]
      ],
      [
        [
          0.2874053536285682,
          0.18048035146676483,
          0.00918383098708071,
          0.231
        ]
      ],
      [
        [
          0.20083879632400536,
          0.09481849577135634,
          0.06249265273701961,
          0.231
        ]
      ],
      [
        [
          0.106389693239227,
          0,
          0.10899976829526736,
          0.231
        ]
      ],
      [
        [
          0.025640698371867755,
          0.21315856337697783,
          0.08705009936685648,
          0.231
        ]
      ]
    ],
    "chanceToWinPurple": [
      [
        [
          0.883,
          0,
          0,
          0
        ]
      ],
      [
        [
          0.883,
          0,
          0,
          0
        ]
      ]
    ],
    "numberOfRounds": 5,
    "roundsUntilPurple": 3,
    "includeComparison": true,
    "comparisonFrequencyRounds": 2,
    "comparisonFrequency": 2,
    "comparisonOnNewPage": true,
    "probUpwardComparison": 0.6,
    "comparisonMean": 11.4,
    "comparisonStdDev": 5,
    "greenSquareScore": 10,
    "purpleSquareScore": 200
  }
}