{
  "vars": {
    "moves": 26,
    "rows": 1,
    "cols": 4,
    "decay": 0.9,
    "decayCenter": 0.5,
    "noiseStdDev": 1,
    "stochastic": true,
    "stochasticValues": [
      [
        false,
        true,
        false,
        true
      ]
    ],
    "purpleValues": [
      [
        0,
        0.18,
        0,
        0
      ]
    ],
    "binary": false,
    "meanValues": [
      [
        0.744,
        0.5,
        0.452,
        0.5
      ]
    ],
    "chanceToWin": [
      [
        [
          0.744,
          0.5,
          0.452,
          0.5
        ]
      ],
      [
        [
          0.744,
          0.5373667341321071,
          0.452,
          0.5151096048996485
        ]
      ],
      [
        [
          0.744,
          0.45846351547541553,
          0.452,
          0.35774652567992904
        ]
      ],
      [
        [
          0.744,
          0.5254022655156536,
          0.452,
          0.298393467852742
        ]
      ],
      [
        [
          0.744,
          0.7120895079237444,
          0.452,
          0.24816742346932055
        ]
      ],
      [
        [
          0.744,
          0.6019278524965697,
          0.452,
          0.48771886720291757
        ]
      ],
      [
        [
          0.744,
          0.7081619976974474,
          0.452,
          0.3597187610274152
        ]
      ],
      [
        [
          0.744,
          0.7980526232312988,
          0.452,
          0.3730375984528696
        ]
      ],
      [
        [
          0.744,
          0.8453025469479584,
          0.452,
          0.31448740372273465
        ]
      ],
      [
        [
          0.744,
          0.7266093100834501,
          0.452,
          0.45773022756363857
        ]
      ],
      [
        [
          0.744,
          0.7576003910446204,
          0.452,
          0.47093429801651493
        ]
      ],
      [
        [
          0.744,
          0.9026892843419285,
          0.452,
          0.5754360723695895
        ]
      ],
      [
        [
          0.744,
          0.8688133083814431,
          0.452,
          0.5161423064918651
        ]
      ],
      [
        [
          0.744,
          0.9225430692310526,
          0.452,
          0.26458878225649163
        ]
      ],
      [
        [
          0.744,
          0.9251877933610193,
          0.452,
          0.15550739884200385
        ]
      ],
      [
        [
          0.744,
          0.6797500847089925,
          0.452,
          0.3502864792748176
        ]
      ],
      [
        [
          0.744,
          0.7000554568983899,
          0.452,
          0.46072334093204614
        ]
      ],
      [
        [
          0.744,
          0.7465877991512306,
          0.452,
          0.3657990346087579
        ]
      ],
      [
        [
          0.744,
          0.6379388067384284,
          0.452,
          0.5204717909355067
        ]
      ],
      [
        [
          0.744,
          0.5959243792891794,
          0.452,
          0.25409263481960004
        ]
      ],
      [
        [
          0.744,
          0.6921214229072564,
          0.452,
          0.4154581789238223
        ]
      ],
      [
        [
          0.744,
          0.6064380128495855,
          0.452,
          0.3728329053035726
        ]
      ],
      [
        [
          0.744,
          0.6802372794959133,
          0.452,
          0.4052872326126205
        ]
      ],
      [
        [
          0.744,
          0.6345262989869038,
          0.452,
          0.36470740036290655
        ]
      ],
      [
        [
          0.744,
          0.637470081691318,
          0.452,
          0.469712055229414
        ]
      ],
      [
        [
          0.744,
          0.7488710303325814,
          0.452,
          0.5014207358590217
        ]
      ]
    ],
    "chanceToWinPurple": [
      [
        [
          0,
          0.18,
          0,
          0
        ]
      ],
      [
        [
          0,
          0.18,
          0,
          0
        ]
      ],
      [
        [
          0,
          0.18,
          0,
          0
        ]
      ],
      [
        [
          0,
          0.18,
          0,
          0
        ]
      ],
      [
        [
          0,
          0.18,
          0,
          0
        ]
      ],
      [
        [
          0,
          0.18,
          0,
          0
        ]
      ],
      [
        [
          0,
          0.18,
          0,
          0
        ]
      ],
      [
        [
          0,
          0.18,
          0,
          0
        ]
      ],
      [
        [
          0,
          0.18,
          0,
          0
        ]
      ],
      [
        [
          0,
          0.18,
          0,
          0
        ]
      ],
      [
        [
          0,
          0.18,
          0,
          0
        ]
      ],
      [
        [
          0,
          0.18,
          0,
          0
        ]
      ],
      [
        [
          0,
          0.18,
          0,
          0
        ]
      ],
      [
        [
          0,
          0.18,
          0,
          0
        ]
      ],
      [
        [
          0,
          0.18,
          0,
          0
        ]
      ],
      [
        [
          0,
          0.18,
          0,
          0
        ]
      ],
      [
        [
          0,
          0.18,
          0,
          0
        ]
      ],
      [
        [
          0,
          0.18,
          0,
          0
        ]
      ],
      [
        [
          0,
          0.18,
          0,
          0
        ]
      ],
      [
        [
          0,
          0.18,
          0,
          0
        ]
      ],
      [
        [
          0,
          0.18,
          0,
          0
        ]
      ],
      [
        [
          0,
          0.18,
          0,
          0
        ]
      ],
      [
        [
          0,
          0.18,
          0,
          0
        ]
      ],
      [
        [
          0,
          0.18,
          0,
          0
        ]
      ],
      [
        [
          0,
          0.18,
          0,
          0
        ]
      ],
      [
        [
          0,
          0.18,
          0,
          0
        ]
      ]
    ],
    "numberOfRounds": 5,
    "roundsUntilPurple": 1,
    "includeComparison": true,
    "comparisonFrequencyRounds": 1,
    "comparisonFrequency": 4,
    "comparisonOnNewPage": false,
    "probUpwardComparison": 0.6,
    "comparisonMean": 50,
    "comparisonStdDev": 5,
    "greenSquareScore": 10,
    "purpleSquareScore": 200
  }
}