{
  "vars": {
    "moves": 10,
    "rows": 1,
    "cols": 4,
    "decay": 0.916,
    "decayCenter": 0.433,
    "noiseStdDev": 0.085,
    "stochastic": true,
    "stochasticValues": [
      [
        true,
        true,
        true,
        true
      ]
    ],
    "purpleValues": [
      [
        0,
        0,
        0.408,
        0
      ]
    ],
    "binary": false,
    "meanValues": [
      [
        0.224,
        0.706,
        0.275,
        0
      ]
    ],
    "chanceToWin": [
      [
        [
          0.224,
          0.706,
          0.275,
          0
        ]
      ],
      [
        [
          0.21475285061389668,
          0.6102249116059519,
          0.2771358003942872,
          0
        ]
      ],
      [
        [
          0.2088094316355711,
          0.7060231158750649,
          0.24519043538374394,
          0.07617453083350217
        ]
      ],
      [
        [
          0.2465872052978149,
          0.5999954354174336,
          0.31536482668953425,
          0.045270732343942466
        ]
      ],
      [
        [
          0.12125433387410323,
          0.491957395592838,
          0.3752738460527356,
          0.1033947075001527
        ]
      ],
      [
        [
          0.15635027481305433,
          0.4469053624309961,
          0.4035794325259908,
          0.2072316536958863
        ]
      ],
      [
        [
          0.3480322011337753,
          0.45292696257489296,
          0.3528053275896601,
          0.2483966543128844
        ]
      ],
      [
        [
          0.3542255794741111,
          0.5650391360709077,
          0.40886787416042725,
          0.19222077450788677
        ]
      ],
      [
        [
          0.3635242491955322,
          0.4578907752523811,
          0.21372868287245397,
          0.2325408225016738
        ]
      ],
      [
        [
          0.4993105410962158,
          0.3560111044177491,
          0.3000154878406383,
          0.13387842381129725
        ]
      ],
      [
        [
          0.5129649742899295,
          0.31362460888784194,
          0.2976043146240008,
          0.08721396100326563
        ]
      ],
      [
        [
          0.48055647501790816,
          0.3268520956887176,
          0.3128713565436028,
          0.10810564575643235
        ]
      ],
      [
        [
          0.4647363697737923,
          0.3589167754757948,
          0.3148916080653287,
          0.16520708022734318
        ]
      ],
      [
        [
          0.37158575887802897,
          0.34163801307847946,
          0.22283714985143044,
          0.19840961589519523
        ]
      ],
      [
        [
          0.42885289615323013,
          0.24795369207596504,
          0.2781980768429878,
          0.3113871650539146
        ]
      ],
      [
        [
          0.5060751000841324,
          0.2645781177182706,
          0.17232720802593743,
          0.357201276548923
        ]
      ],
      [
        [
          0.3606845412774669,
          0.33045611882135406,
          0.1571297230662731,
          0.2777527242705938
        ]
      ],
      [
        [
          0.4508507346209687,
          0.4748580650667621,
          0.15882656643600318,
          0.3488960948641796
        ]
      ],
      [
        [
          0.35444286436413297,
          0.4241816277724608,
          0.250017929012083,
          0.3174936067444874
        ]
      ],
      [
        [
          0.21417623099946242,
          0.6104383073429716,
          0.19218443190472184,
          0.39995853497382766
        ]
      ]
    ],
    "chanceToWinPurple": [
      [
        [
          0,
          0,
          0.408,
          0
        ]
      ],
      [
        [
          0,
          0,
          0.408,
          0
        ]
      ],
      [
        [
          0,
          0,
          0.408,
          0
        ]
      ],
      [
        [
          0,
          0,
          0.408,
          0
        ]
      ],
      [
        [
          0,
          0,
          0.408,
          0
        ]
      ],
      [
        [
          0,
          0,
          0.408,
          0
        ]
      ],
      [
        [
          0,
          0,
          0.408,
          0
        ]
      ],
      [
        [
          0,
          0,
          0.408,
          0
        ]
      ],
      [
        [
          0,
          0,
          0.408,
          0
        ]
      ],
      [
        [
          0,
          0,
          0.408,
          0
        ]
      ],
      [
        [
          0,
          0,
          0.408,
          0
        ]
      ],
      [
        [
          0,
          0,
          0.408,
          0
        ]
      ],
      [
        [
          0,
          0,
          0.408,
          0
        ]
      ],
      [
        [
          0,
          0,
          0.408,
          0
        ]
      ],
      [
        [
          0,
          0,
          0.408,
          0
        ]
      ],
      [
        [
          0,
          0,
          0.408,
          0
        ]
      ],
      [
        [
          0,
          0,
          0.408,
          0
        ]
      ],
      [
        [
          0,
          0,
          0.408,
          0
        ]
      ],
      [
        [
          0,
          0,
          0.408,
          0
        ]
      ],
      [
        [
          0,
          0,
          0.408,
          0
        ]
      ]
    ],
    "rewardsChangeAcrossRounds": true,
    "numberOfRounds": 2,
    "roundsUntilPurple": 2,
    "includeComparison": true,
    "comparisonFrequencyRounds": 1,
    "comparisonFrequency": 3,
    "comparisonOnNewPage": false,
    "probUpwardComparison": 0.75,
    "comparerUsesAvailableCards": true,
    "optimalValueComparison": true,
    "comparisonMean": 50,
    "comparisonStdDev": 5,
    "greenSquareScore": 10,
    "purpleSquareScore": 200
  }
}