{
  "vars": {
    "moves": 10,
    "rows": 1,
    "cols": 6,
    "decay": 0.987,
    "decayCenter": 0.5,
    "noiseStdDev": 0.083,
    "stochastic": true,
    "stochasticValues": [
      [
        true,
        true,
        true,
        true,
        true,
        true
      ]
    ],
    "purpleValues": [
      [
        0,
        0,
        0,
        0,
        0,
        0
      ]
    ],
    "binary": false,
    "meanValues": [
      [
        0.5,
        0.5,
        0.5,
        0.5,
        0.5,
        0.5
      ]
    ],
    "chanceToWin": [
      [
        [
          0.5,
          0.5,
          0.5,
          0.5,
          0.5,
          0.5
        ]
      ],
      [
        [
          0.4855213675970177,
          0.5551021862167491,
          0.6157298510816559,
          0.49139182219808214,
          0.5677541212168824,
          0.4036930427121217
        ]
      ],
      [
        [
          0.500127209929759,
          0.6321783212607287,
          0.5926734919781712,
          0.3544692612197127,
          0.4865305680041786,
          0.4537384551059701
        ]
      ],
      [
        [
          0.4172689422226904,
          0.44623228578756935,
          0.5558285709529451,
          0.3311067930160702,
          0.5238435752187163,
          0.5378902904613306
        ]
      ],
      [
        [
          0.4371610184096504,
          0.411504235541791,
          0.4982751364161288,
          0.19791703496845023,
          0.49880708818376596,
          0.6271524334588446
        ]
      ],
      [
        [
          0.5612785536495457,
          0.43407428921613084,
          0.4399965078302263,
          0.2144170223767263,
          0.4703290769462024,
          0.6321518018148874
        ]
      ],
      [
        [
          0.6030377432101428,
          0.5456282391000149,
          0.5339933517847556,
          0.29981765753564354,
          0.3247698190574335,
          0.5686907086930406
        ]
      ],
      [
        [
          0.6230968702376042,
          0.48348409243057955,
          0.3895099487397652,
          0.2418278151476204,
          0.4041801605322359,
          0.6774111213071218
        ]
      ],
      [
        [
          0.5762625695449065,
          0.4407991496111144,
          0.40786481083538545,
          0.28245965789302396,
          0.40070003942132937,
          0.6536870977742602
        ]
      ],
      [
        [
          0.7389020126546049,
          0.3953508155093795,
          0.37361549197225247,
          0.38812362073561424,
          0.34602343721762296,
          0.6740857652236307
        ]
      ]
    ],
    "chanceToWinPurple": [
      [
        [
          0,
          0,
          0,
          0,
          0,
          0
        ]
      ],
      [
        [
          0,
          0,
          0,
          0,
          0,
          0
        ]
      ],
      [
        [
          0,
          0,
          0,
          0,
          0,
          0
        ]
      ],
      [
        [
          0,
          0,
          0,
          0,
          0,
          0
        ]
      ],
      [
        [
          0,
          0,
          0,
          0,
          0,
          0
        ]
      ],
      [
        [
          0,
          0,
          0,
          0,
          0,
          0
        ]
      ],
      [
        [
          0,
          0,
          0,
          0,
          0,
          0
        ]
      ],
      [
        [
          0,
          0,
          0,
          0,
          0,
          0
        ]
      ],
      [
        [
          0,
          0,
          0,
          0,
          0,
          0
        ]
      ],
      [
        [
          0,
          0,
          0,
          0,
          0,
          0
        ]
      ]
    ],
    "numberOfRounds": 3,
    "roundsUntilPurple": 1,
    "includeComparison": true,
    "comparisonFrequencyRounds": 2,
    "comparisonFrequency": 2,
    "comparisonOnNewPage": true,
    "probUpwardComparison": 0.65,
    "comparisonMean": 10,
    "comparisonStdDev": 3,
    "greenSquareScore": 10,
    "purpleSquareScore": 200
  }
}