{
  "vars": {
    "moves": 10,
    "rows": 3,
    "cols": 4,
    "decay": 0.933,
    "decayCenter": 0.376,
    "noiseStdDev": 0.93,
    "stochastic": true,
    "stochasticValues": [
      [
        false,
        true,
        true,
        true
      ],
      [
        true,
        true,
        true,
        true
      ],
      [
        true,
        true,
        true,
        false
      ]
    ],
    "purpleValues": [
      [
        0,
        0,
        0,
        0
      ],
      [
        0.33,
        0,
        0,
        0.224
      ],
      [
        0,
        0.752,
        0,
        0
      ]
    ],
    "binary": false,
    "meanValues": [
      [
        0.5,
        0.5,
        0.5,
        0.5
      ],
      [
        0.503,
        0.5,
        0.171,
        0.5
      ],
      [
        0.5,
        0.5,
        0.5,
        0.5
      ]
    ],
    "chanceToWin": [
      [
        [
          0.5,
          0.5,
          0.5,
          0.5
        ],
        [
          0.503,
          0.5,
          0.171,
          0.5
        ],
        [
          0.5,
          0.5,
          0.5,
          0.5
        ]
      ],
      [
        [
          0.5,
          0.4774010515843542,
          0.4514065515141965,
          0.4404101295925499
        ],
        [
          0.5736868028056068,
          0.49912556530055086,
          0.048170765868334936,
          0.4351671666571473
        ],
        [
          0.618240596923926,
          0.5163406153043866,
          0.5504660202772927,
          0.5
        ]
      ],
      [
        [
          0.5,
          0.5560577582622495,
          0.4069724034887601,
          0.4269993132812103
        ],
        [
          0.5271827381049424,
          0.5449592839520391,
          -0.019916603528035273,
          0.42712237301774014
        ],
        [
          0.6096250717960088,
          0.38777410920067984,
          0.6433689743499331,
          0.5
        ]
      ],
      [
        [
          0.5,
          0.5495055026128681,
          0.24841982447152927,
          0.4846049485357317
        ],
        [
          0.6670816544491674,
          0.35944534847132886,
          0.08890818777319706,
          0.5246388908691637
        ],
        [
          0.6729316065933556,
          0.42352213236194985,
          0.6824810924943738,
          0.5
        ]
      ],
      [
        [
          0.5,
          0.6535832598750836,
          0.19276349055848396,
          0.515195956427259
        ],
        [
          0.6442944435518705,
          0.22654141363088984,
          0.23370799677584408,
          0.39675461696475034
        ],
        [
          0.5856499793810038,
          0.3874078970845296,
          0.6708972675651586,
          0.5
        ]
      ],
      [
        [
          0.5,
          0.619476214703383,
          0.3238684057877211,
          0.5275020218340539
        ],
        [
          0.9050935635879644,
          0.33007195178248216,
          0.4292922631156951,
          0.2243852470063477
        ],
        [
          0.614230307855059,
          0.4035459291955217,
          0.5807685156199716,
          0.5
        ]
      ],
      [
        [
          0.5,
          0.5693242822320537,
          0.3294209802925657,
          0.5160575939768715
        ],
        [
          0.8723539096950236,
          0.48935422557402175,
          0.4694063802517337,
          0.14717643394858632
        ],
        [
          0.641848479185426,
          0.4745565058688179,
          0.5052865332006747,
          0.5
        ]
      ],
      [
        [
          0.5,
          0.575222776374713,
          0.3089349071948444,
          0.5373501968911684
        ],
        [
          0.7708521612680351,
          0.36797541387422417,
          0.33450940579291827,
          0.1278203039749748
        ],
        [
          0.5811118814683355,
          0.47445486031866957,
          0.44879539247869427,
          0.5
        ]
      ],
      [
        [
          0.5,
          0.5944320950511405,
          0.3569107302390051,
          0.49932778224015784
        ],
        [
          0.7436437388168773,
          0.40824763396530545,
          0.38631516258273957,
          0.21811721403756362
        ],
        [
          0.6257793078946678,
          0.5888243993437501,
          0.5619298786865947,
          0.5
        ]
      ],
      [
        [
          0.5,
          0.49571560529588277,
          0.18913883579118626,
          0.4222292939627702
        ],
        [
          0.7816577622486522,
          0.6264709831696632,
          0.4798618437215255,
          0.28756798951685575
        ],
        [
          0.6013680321915428,
          0.5172991109180262,
          0.635537762625335,
          0.5
        ]
      ]
    ],
    "chanceToWinPurple": [
      [
        [
          0,
          0,
          0,
          0
        ],
        [
          0.33,
          0,
          0,
          0.224
        ],
        [
          0,
          0.752,
          0,
          0
        ]
      ],
      [
        [
          0,
          0,
          0,
          0
        ],
        [
          0.33,
          0,
          0,
          0.224
        ],
        [
          0,
          0.752,
          0,
          0
        ]
      ],
      [
        [
          0,
          0,
          0,
          0
        ],
        [
          0.33,
          0,
          0,
          0.224
        ],
        [
          0,
          0.752,
          0,
          0
        ]
      ],
      [
        [
          0,
          0,
          0,
          0
        ],
        [
          0.33,
          0,
          0,
          0.224
        ],
        [
          0,
          0.752,
          0,
          0
        ]
      ],
      [
        [
          0,
          0,
          0,
          0
        ],
        [
          0.33,
          0,
          0,
          0.224
        ],
        [
          0,
          0.752,
          0,
          0
        ]
      ],
      [
        [
          0,
          0,
          0,
          0
        ],
        [
          0.33,
          0,
          0,
          0.224
        ],
        [
          0,
          0.752,
          0,
          0
        ]
      ],
      [
        [
          0,
          0,
          0,
          0
        ],
        [
          0.33,
          0,
          0,
          0.224
        ],
        [
          0,
          0.752,
          0,
          0
        ]
      ],
      [
        [
          0,
          0,
          0,
          0
        ],
        [
          0.33,
          0,
          0,
          0.224
        ],
        [
          0,
          0.752,
          0,
          0
        ]
      ],
      [
        [
          0,
          0,
          0,
          0
        ],
        [
          0.33,
          0,
          0,
          0.224
        ],
        [
          0,
          0.752,
          0,
          0
        ]
      ],
      [
        [
          0,
          0,
          0,
          0
        ],
        [
          0.33,
          0,
          0,
          0.224
        ],
        [
          0,
          0.752,
          0,
          0
        ]
      ]
    ],
    "numberOfRounds": 1,
    "includeComparison": true,
    "comparisonFrequencyRounds": 1,
    "comparisonFrequency": 4,
    "comparisonOnNewPage": false,
    "probUpwardComparison": 0.71,
    "comparisonMean": 17.6,
    "comparisonStdDev": 2,
    "greenSquareScore": 10,
    "purpleSquareScore": 200
  }
}