{
  "vars": {
    "moves": 10,
    "rows": 1,
    "cols": 4,
    "decay": 0.819,
    "decayCenter": 0.5,
    "noiseStdDev": 0.059,
    "stochastic": true,
    "stochasticValues": [
      [
        true,
        true,
        true,
        true
      ]
    ],
    "purpleValues": [
      [
        0.592,
        0,
        0,
        0
      ]
    ],
    "binary": false,
    "meanValues": [
      [
        0.269,
        0.072,
        0.82,
        0.06
      ]
    ],
    "chanceToWin": [
      [
        [
          0.269,
          0.072,
          0.82,
          0.06
        ]
      ],
      [
        [
          0.30265971332718106,
          0.20156356207762374,
          0.7696679562348773,
          0.17672595056265028
        ]
      ],
      [
        [
          0.3025722766086632,
          0.21999908811978552,
          0.7746693190957623,
          0.31774110482550666
        ]
      ],
      [
        [
          0.23858886298020066,
          0.18195272804940038,
          0.7676123451383585,
          0.28169916843764026
        ]
      ],
      [
        [
          0.25168842939470937,
          0.19411771392984054,
          0.7108977148718707,
          0.2961386550194015
        ]
      ],
      [
        [
          0.28869644667549954,
          0.2659349925354197,
          0.6929866565096899,
          0.46060221472138085
        ]
      ],
      [
        [
          0.2505726683585104,
          0.28136089482573484,
          0.6707690571554402,
          0.389456127054286
        ]
      ],
      [
        [
          0.28487200575268806,
          0.3083997180086616,
          0.628098201544971,
          0.37316560877630844
        ]
      ],
      [
        [
          0.33405160652083365,
          0.39248510570872036,
          0.6266323493843224,
          0.3090202538336865
        ]
      ],
      [
        [
          0.42055006177642057,
          0.38013890894403574,
          0.5944640785322213,
          0.4758020115663635
        ]
      ],
      [
        [
          0.47047592830678137,
          0.3120655568204006,
          0.6246257119158943,
          0.4244801500118493
        ]
      ],
      [
        [
          0.35245915052838783,
          0.30921486181942737,
          0.5072366120389892,
          0.4190106211005493
        ]
      ],
      [
        [
          0.35562768663488914,
          0.1685277342195028,
          0.5674136386256814,
          0.4967692522273654
        ]
      ],
      [
        [
          0.4472394834075134,
          0.1604739183656449,
          0.5572938951214087,
          0.5050868955598102
        ]
      ],
      [
        [
          0.4313663016878892,
          0.12234537006037109,
          0.5640332891556648,
          0.5311923916779422
        ]
      ],
      [
        [
          0.46625794630944634,
          0.27155513311241275,
          0.5888967740063398,
          0.5560204512799944
        ]
      ],
      [
        [
          0.5456181381168871,
          0.3360109459599883,
          0.5786666947793544,
          0.4776188993981861
        ]
      ],
      [
        [
          0.5134189043002821,
          0.4399432987359668,
          0.5874337770824702,
          0.42751634511476416
        ]
      ],
      [
        [
          0.5425896232980183,
          0.5229401582755668,
          0.5687431164430666,
          0.31870333873992285
        ]
      ],
      [
        [
          0.522853161472601,
          0.5470347298359237,
          0.5454891056775217,
          0.26880274130408993
        ]
      ]
    ],
    "chanceToWinPurple": [
      [
        [
          0,
          0,
          0,
          0
        ]
      ],
      [
        [
          0,
          0,
          0,
          0
        ]
      ],
      [
        [
          0,
          0,
          0,
          0
        ]
      ],
      [
        [
          0,
          0,
          0,
          0
        ]
      ],
      [
        [
          0,
          0,
          0,
          0
        ]
      ],
      [
        [
          0,
          0,
          0,
          0
        ]
      ],
      [
        [
          0,
          0,
          0,
          0
        ]
      ],
      [
        [
          0,
          0,
          0,
          0
        ]
      ],
      [
        [
          0,
          0,
          0,
          0
        ]
      ],
      [
        [
          0,
          0,
          0,
          0
        ]
      ],
      [
        [
          0.592,
          0,
          0,
          0
        ]
      ],
      [
        [
          0.592,
          0,
          0,
          0
        ]
      ],
      [
        [
          0.592,
          0,
          0,
          0
        ]
      ],
      [
        [
          0.592,
          0,
          0,
          0
        ]
      ],
      [
        [
          0.592,
          0,
          0,
          0
        ]
      ],
      [
        [
          0.592,
          0,
          0,
          0
        ]
      ],
      [
        [
          0.592,
          0,
          0,
          0
        ]
      ],
      [
        [
          0.592,
          0,
          0,
          0
        ]
      ],
      [
        [
          0.592,
          0,
          0,
          0
        ]
      ],
      [
        [
          0.592,
          0,
          0,
          0
        ]
      ]
    ],
    "rewardsChangeAcrossRounds": true,
    "numberOfRounds": 2,
    "roundsUntilPurple": 2,
    "includeComparison": true,
    "comparisonFrequencyRounds": 1,
    "comparisonFrequency": 3,
    "comparisonOnNewPage": false,
    "probUpwardComparison": 0.75,
    "comparerUsesAvailableCards": true,
    "optimalValueComparison": true,
    "comparisonMean": 50,
    "comparisonStdDev": 5,
    "greenSquareScore": 10,
    "purpleSquareScore": 200
  }
}