{
  "vars": {
    "moves": 34,
    "rows": 1,
    "cols": 4,
    "decay": 0.9,
    "decayCenter": 0.5,
    "noiseStdDev": 0.01,
    "stochastic": true,
    "stochasticValues": [
      [
        true,
        true,
        true,
        true
      ]
    ],
    "purpleValues": [
      [
        0,
        0,
        0,
        0
      ]
    ],
    "binary": false,
    "meanValues": [
      [
        0.5,
        0.5,
        0.5,
        0.5
      ]
    ],
    "chanceToWin": [
      [
        [
          0.5,
          0.5,
          0.5,
          0.5
        ]
      ],
      [
        [
          0.5050784797949216,
          0.49651256940976596,
          0.4970259322421723,
          0.5013980848570793
        ]
      ],
      [
        [
          0.5106781951041588,
          0.49873085229486874,
          0.49266447905445465,
          0.5148975720215928
        ]
      ],
      [
        [
          0.5237663390162238,
          0.5058447810602448,
          0.4890493166816394,
          0.5200779508056498
        ]
      ],
      [
        [
          0.5136090493313976,
          0.5245205892744679,
          0.4855154557877914,
          0.5132915571588529
        ]
      ],
      [
        [
          0.49985742600774796,
          0.5077690173592422,
          0.4912927456390757,
          0.5180124235830608
        ]
      ],
      [
        [
          0.4916713071773385,
          0.5077684533399194,
          0.49718161777366543,
          0.5106709260491723
        ]
      ],
      [
        [
          0.5035049201820156,
          0.5191636171624351,
          0.483606287309304,
          0.5074995407706019
        ]
      ],
      [
        [
          0.5143162002190987,
          0.5056910678926786,
          0.4867074713879281,
          0.49830068673613165
        ]
      ],
      [
        [
          0.5164367324586593,
          0.4921367349874961,
          0.4869203763640816,
          0.48049353460671157
        ]
      ],
      [
        [
          0.5004143901550037,
          0.47227813872661484,
          0.48991547119076123,
          0.4977409163934656
        ]
      ],
      [
        [
          0.5043833131583964,
          0.4986341676573839,
          0.48995295631740465,
          0.5130506290435265
        ]
      ],
      [
        [
          0.4933527597663713,
          0.5047935785528067,
          0.4924698253181189,
          0.5044424300288514
        ]
      ],
      [
        [
          0.5151911300476915,
          0.49443980554783024,
          0.50599245981321,
          0.507451285914
        ]
      ],
      [
        [
          0.5172353451580215,
          0.5022920225948484,
          0.5081791714270937,
          0.515322689922158
        ]
      ],
      [
        [
          0.517447064041051,
          0.49433840640882165,
          0.5087672516093815,
          0.49964806163896786
        ]
      ],
      [
        [
          0.5064032592489119,
          0.4959297425260602,
          0.49914405266370987,
          0.4970356690328824
        ]
      ],
      [
        [
          0.5266263906586386,
          0.4922949419259411,
          0.49277701141114616,
          0.4931868318796602
        ]
      ],
      [
        [
          0.5465574726516237,
          0.4964340911177563,
          0.5020138813045126,
          0.49570408591651177
        ]
      ],
      [
        [
          0.5427506681615056,
          0.4781745539675124,
          0.4954515122177111,
          0.4987286677755792
        ]
      ],
      [
        [
          0.5579417589141263,
          0.48760545791154886,
          0.4974472688470067,
          0.5012343682840952
        ]
      ],
      [
        [
          0.5464144857438766,
          0.4866382590808315,
          0.4917362311656537,
          0.4974093221473028
        ]
      ],
      [
        [
          0.5374586090487569,
          0.4901798422590867,
          0.483674420307387,
          0.5060143906465575
        ]
      ],
      [
        [
          0.5186731567827002,
          0.523440329695847,
          0.48005541164780585,
          0.5106701237166653
        ]
      ],
      [
        [
          0.5142130632718278,
          0.5288044856476037,
          0.47962870396828294,
          0.5178187283349339
        ]
      ],
      [
        [
          0.49351942694323664,
          0.5346381767755608,
          0.5039686447383951,
          0.49046210000600643
        ]
      ],
      [
        [
          0.48798886649350903,
          0.5316814824481417,
          0.5122740844163258,
          0.4973770354813633
        ]
      ],
      [
        [
          0.4776442394772612,
          0.5311376886425182,
          0.5095739816892761,
          0.49045254466530375
        ]
      ],
      [
        [
          0.4703339812099397,
          0.533895918400056,
          0.5237008749104333,
          0.4951687045955499
        ]
      ],
      [
        [
          0.47617518573943574,
          0.5194399029662768,
          0.526104929032672,
          0.47472655766800614
        ]
      ],
      [
        [
          0.47020888129917116,
          0.5083298772045574,
          0.5003713798953958,
          0.48242843370983035
        ]
      ],
      [
        [
          0.45461881551774636,
          0.510598999682686,
          0.5232297617100472,
          0.5056426758287719
        ]
      ]
    ],