{
  "vars": {
    "id": 1,
    "moves": 6,
    "rows": 1,
    "cols": 2,
    "numberOfRounds": 12,
    "includeComparison": false,
    "chanceToWin": [
      [
        [
          0.7554548991034991,
          0.24454510089650094
        ]
      ],
      [
        [
          0.7554548991034991,
          0.24454510089650094
        ]
      ],
      [
        [
          0.7554548991034991,
          0.24454510089650094
        ]
      ],
      [
        [
          0.7554548991034991,
          0.24454510089650094
        ]
      ],
      [
        [
          0.7554548991034991,
          0.24454510089650094
        ]
      ],
      [
        [
          0.7554548991034991,
          0.24454510089650094
        ]
      ],
      [
        [
          0.1290663548483305,
          0.8709336451516695
        ]
      ],
      [
        [
          0.1290663548483305,
          0.8709336451516695
        ]
      ],
      [
        [
          0.1290663548483305,
          0.8709336451516695
        ]
      ],
      [
        [
          0.1290663548483305,
          0.8709336451516695
        ]
      ],
      [
        [
          0.1290663548483305,
          0.8709336451516695
        ]
      ],
      [
        [
          0.1290663548483305,
          0.8709336451516695
        ]
      ],
      [
        [
          0.1949566222201643,
          0.8050433777798357
        ]
      ],
      [
        [
          0.1949566222201643,
          0.8050433777798357
        ]
      ],
      [
        [
          0.1949566222201643,
          0.8050433777798357
        ]
      ],
      [
        [
          0.1949566222201643,
          0.8050433777798357
        ]
      ],
      [
        [
          0.1949566222201643,
          0.8050433777798357
        ]
      ],
      [
        [
          0.1949566222201643,
          0.8050433777798357
        ]
      ],
      [
        [
          0.5389351591835694,
          0.4610648408164306
        ]
      ],
      [
        [
          0.5389351591835694,
          0.4610648408164306
        ]
      ],
      [
        [
          0.5389351591835694,
          0.4610648408164306
        ]
      ],
      [
        [
          0.5389351591835694,
          0.4610648408164306
        ]
      ],
      [
        [
          0.5389351591835694,
          0.4610648408164306
        ]
      ],
      [
        [
          0.5389351591835694,
          0.4610648408164306
        ]
      ],
      [
        [
          0.3728959326324883,
          0.6271040673675117
        ]
      ],
      [
        [
          0.3728959326324883,
          0.6271040673675117
        ]
      ],
      [
        [
          0.3728959326324883,
          0.6271040673675117
        ]
      ],
      [
        [
          0.3728959326324883,
          0.6271040673675117
        ]
      ],
      [
        [
          0.3728959326324883,
          0.6271040673675117
        ]
      ],
      [
        [
          0.3728959326324883,
          0.6271040673675117
        ]
      ],
      [
        [
          0.8526915162963833,
          0.1473084837036167
        ]
      ],
      [
        [
          0.8526915162963833,
          0.1473084837036167
        ]
      ],
      [
        [
          0.8526915162963833,
          0.1473084837036167
        ]
      ],
      [
        [
          0.8526915162963833,
          0.1473084837036167
        ]
      ],
      [
        [
          0.8526915162963833,
          0.1473084837036167
        ]
      ],
      [
        [
          0.8526915162963833,
          0.1473084837036167
        ]
      ],
      [
        [
          0.46512770628830136,
          0.5348722937116986
        ]
      ],
      [
        [
          0.46512770628830136,
          0.5348722937116986
        ]
      ],
      [
        [
          0.46512770628830136,
          0.5348722937116986
        ]
      ],
      [
        [
          0.46512770628830136,
          0.5348722937116986
        ]
      ],
      [
        [
          0.46512770628830136,
          0.5348722937116986
        ]
      ],
      [
        [
          0.46512770628830136,
          0.5348722937116986
        ]
      ],
      [
        [
          0.07887580911251801,
          0.921124190887482
        ]
      ],
      [
        [
          0.07887580911251801,
          0.921124190887482
        ]
      ],
      [
        [
          0.07887580911251801,
          0.921124190887482
        ]
      ],
      [
        [
          0.07887580911251801,
          0.921124190887482
        ]
      ],
      [
        [
          0.07887580911251801,
          0.921124190887482
        ]
      ],
      [
        [
          0.07887580911251801,
          0.921124190887482
        ]
      ],
      [
        [
          0.17264937926502044,
          0.8273506207349796
        ]
      ],
      [
        [
          0.17264937926502044,
          0.8273506207349796
        ]
      ],
      [
        [
          0.17264937926502044,
          0.8273506207349796
        ]
      ],
      [
        [
          0.17264937926502044,
          0.8273506207349796
        ]
      ],
      [
        [
          0.17264937926502044,
          0.8273506207349796
        ]
      ],
      [
        [
          0.17264937926502044,
          0.8273506207349796
        ]
      ],
      [
        [
          0.1636616383119477,
          0.8363383616880523
        ]
      ],
      [
        [
          0.1636616383119477,
          0.8363383616880523
        ]
      ],
      [
        [
          0.1636616383119477,
          0.8363383616880523
        ]
      ],
      [
        [
          0.1636616383119477,
          0.8363383616880523
        ]
      ],
      [
        [
          0.1636616383119477,
          0.8363383616880523
        ]
      ],
      [
        [
          0.1636616383119477,
          0.8363383616880523
        ]
      ],
      [
        [
          0.6024496678629399,
          0.39755033213706015
        ]
      ],
      [
        [
          0.6024496678629399,
          0.39755033213706015
        ]
      ],
      [
        [
          0.6024496678629399,
          0.39755033213706015
        ]
      ],
      [
        [
          0.6024496678629399,
          0.39755033213706015
        ]
      ],
      [
        [
          0.6024496678629399,
          0.39755033213706015
        ]
      ],
      [
        [
          0.6024496678629399,
          0.39755033213706015
        ]
      ],
      [
        [
          0.33017499615192725,
          0.6698250038480728
        ]
      ],
      [
        [
          0.33017499615192725,
          0.6698250038480728
        ]
      ],
      [
        [
          0.33017499615192725,
          0.6698250038480728
        ]
      ],
      [
        [
          0.33017499615192725,
          0.6698250038480728
        ]
      ],
      [
        [
          0.33017499615192725,
          0.6698250038480728
        ]
      ],
      [
        [
          0.33017499615192725,
          0.6698250038480728
        ]
      ]
    ]
  }
}