{
  "vars": {
    "moves": 5,
    "rows": 1,
    "cols": 4,
    "stdDev": 0.04,
    "decay": 0.9,
    "decayCenter": 0.5,
    "noiseStdDev": 0.01,
    "stochastic": true,
    "stochasticValues": [
      [
        true,
        true,
        true,
        true
      ]
    ],
    "purpleValues": [
      [
        0,
        0,
        0,
        0
      ]
    ],
    "binary": true,
    "meanValues": [
      [
        [
          0.5,
          0.5,
          0.5,
          0.5
        ]
      ],
      [
        [
          0.5214121448534266,
          0.5215438826789345,
          0.4582636962162828,
          0.5356185523081142
        ]
      ],
      [
        [
          0.46016972169271975,
          0.5019716468421012,
          0.41343300454127035,
          0.5001864241666125
        ]
      ],
      [
        [
          0.5668814338310042,
          0.48771540232982213,
          0.41344561963149884,
          0.5601268464500473
        ]
      ],
      [
        [
          0.5555712814130935,
          0.42772762480431326,
          0.44700863406702096,
          0.5361550303024565
        ]
      ]
    ],
    "chanceToWin": [
      [
        [
          0.5,
          0.5,
          0.5,
          0.5
        ]
      ],
      [
        [
          0.5214121448534266,
          0.5215438826789345,
          0.4582636962162828,
          0.5356185523081142
        ]
      ],
      [
        [
          0.46016972169271975,
          0.5019716468421012,
          0.41343300454127035,
          0.5001864241666125
        ]
      ],
      [
        [
          0.5668814338310042,
          0.48771540232982213,
          0.41344561963149884,
          0.5601268464500473
        ]
      ],
      [
        [
          0.5555712814130935,
          0.42772762480431326,
          0.44700863406702096,
          0.5361550303024565
        ]
      ]
    ],
    "chanceToWinPurple": [
      [
        [
          0,
          0,
          0,
          0
        ]
      ],
      [
        [
          0,
          0,
          0,
          0
        ]
      ],
      [
        [
          0,
          0,
          0,
          0
        ]
      ],
      [
        [
          0,
          0,
          0,
          0
        ]
      ],
      [
        [
          0,
          0,
          0,
          0
        ]
      ]
    ],
    "rewardsChangeAcrossRounds": false,
    "numberOfRounds": 1,
    "roundsUntilPurple": 1,
    "includeComparison": true,
    "comparisonFrequencyRounds": 1,
    "comparisonFrequency": 2,
    "comparisonOnNewPage": false,
    "probUpwardComparison": 0.6,
    "comparerUsesAvailableCards": true,
    "optimalValueComparison": false,
    "comparisonMean": 50,
    "comparisonStdDev": 5,
    "greenSquareScore": 10,
    "purpleSquareScore": 200
  }
}